slug,name
2ebox,2ebox
2go,2GO
360lion,360 Lion Express
3jmslogistics,3JMS Logistics
3pe-express,3PE Express
4-72,4-72 Entregando
4px,4PX
99minutos,99minutos
aduiepyle,A Duie Pyle
a1post,A1Post
a2b-ba,A2B Express Logistics
aaa-cooper,AAA Cooper
abf,ABF Freight
aclogistics-mx-webhook,AC Logistics
acilogistix,ACI Logistix
acommerce,aCommerce
acscourier,ACS Courier
acsworldwide,ACS Worldwide Express
activos24-api,Activos24
aderonline,Ader
adicional,Adicional Logistics
ads,ADS Express
adsone,ADSOne
aeronet,Aeronet
aeronet-api,Aeronet
aex,AEX Group
afllog-ftp,AFL LOGISTICS
agediss,Agediss
agediss-sftp,Agediss
agility,Agility
agx-api,AGX
arihantcourier,AICS
air21,AIR21
airmee-webhook,Airmee
airpak-express,Airpak Express
airspeed,Airspeed International Corporation
aitworldwide-sftp,AIT
aitworldwide-api,AIT
ait-homedelivery-de,AIT Home Delivery
alliedexpress,Allied Express
alljoy,ALLJOY SUPPLY CHAIN CO.
alphafreight-webhook,Alpha Freight
alphafast,alphaFAST
always-express,Always Express
amazon-es,Amazon
amazon-mcf,Amazon MCF
amazon-uk-api,Amazon Shipping
amazon,Amazon Shipping + Amazon MCF
awest,American West
ameriship-api,Ameriship
amsegroup,AMS Group
an-post,An Post
anicamboxexpress,Anicam Global
anjun,Anjun
anserx,ANSERX
anteraja,Anteraja
ao-deutschland,AO Deutschland Ltd.
ao-courier,AO Logistics
aoyue,Aoyue
apc-overnight,APC Overnight
apc-overnight-connum,APC Overnight Consignment Number
apc,APC Postal Logistics
apg,APG eCommerce Solutions Ltd.
apg-global,APG Global
apple-express-webhook,Apple Express
aquiline,Aquiline
aramex,Aramex
fastway-au-api,Aramex Australia
fastway-au,Aramex Australia
araskargo,Aras Cargo
arco-spedizioni,Arco Spedizioni SP
ark-logistics,ARK Logistics
arrow-api,Arrow
arrowxl,Arrow XL
ase,ASE KARGO
asendia-de,Asendia
asendia-hk,Asendia APAC
asendia,Asendia Global
asendia-uk,Asendia UK
asendia-usa,Asendia USA
asigna,ASIGNA
associated-couriers,Associated Couriers
asyadexpress,Asyad Express
ata,ATA
atshealthcare,ATS Healthcare
atshealthcare-reference,ATS Healthcare
auexpress,Au Express
australia-post,Australia Post
austrian-post,Austrian Post (Express)
austrian-post-registered,Austrian Post (Registered)
averitt,Averitt Express
bh-worldwide,B&H Worldwide
b2ceurope,B2C Europe
barqexp,Barq
barsan,Barsan Global Lojistik
basic-shipping,Basic Shipping
bdmnet,BDMnet
belpost,Belpost
ibeone,Beone Logistics
bert-fr,Bert Transport
800bestex,Best Express
besttransport-sftp,Best Transport
bestwayparcel,Best Way Parcel
bestfulfillpacket,Bestfulfillpacket
bettertrucks,Better Trucks
bigsmart,Big Smart
birdsystem,BirdSystem
bjshomedelivery,BJS Distribution
blinklastmile,Blink
bluex,Blue Express
bluestar,Blue Star
bluecare,Bluecare Express Ltd
bluedart,Bluedart
bneed,Bneed
bollore-logistics,Bollore Logistics
bombinoexp,Bombino Express Pvt Ltd
bomi,Bomi Group
bond,Bond
bondscouriers,Bonds Couriers
borderexpress,Border Express
boxc,BoxC
boxcheck-webhook,Boxcheck
boxcheck-api,Boxcheck
bpost,Bpost
bpost-international,Bpost international
braspress-web,BrasPress
brazil-correios-api,Brazil Correios
brazil-correios,Brazil Correios
bring,Bring
bringer,Bringer Parcel Services
brouwer-transport,Brouwer Transport en Logistiek B.V.
brt-it,BRT Bartolini
brt-it-parcelid,BRT Bartolini(Parcel ID)
brt-it-sender-ref,BRT Bartolini(Sender Reference)
btxglobal-ftp,BTX GLOBAL LOGISTICS
budbee-webhook,Budbee
buffalo,BUFFALO
bgpost,Bulgarian Posts
burd,Burd Delivery Aps
cchezvous-sftp,C Chez Vous
cchezvous,C Chez Vous
chrobinson-webhook,C.H. Robinson Worldwide
cacesa,Cacesa
cae-delivers,CAE Delivers
cago,Cago
cainiao,Cainiao
cambodia-post,Cambodia Post
canada-post,Canada Post
canpar,Canpar Courier
cpex,Captain Express International
cargopartner-api,Cargo Partner
carrefour,Carrefour
carriers,Carriers
carry-flap,Carry-Flap Co.
castleparcels,Castle Parcels
castlers,Castlers Software Company Limited
cathedis-api,Cathedis
cbl-logistica,CBL Logistica
cdek,CDEK
cdek-tr,CDEK TR
cdldelivers-api,CDL Last Mile
cdldelivers,CDL Last Mile
celeritas-ftp,Celeritas Transporte
celeritas,Celeritas Transporte
cello-square,Cello Square
ceva,CEVA LOGISTICS
ceva-tracking,CEVA Package
cfl-logistics,CFL Logistics
cgs-express,CGS Express
champagne-logistics,Champagne Logistics
champion-logistics,Champion Logistics
chazki,Chazki
china-ems,China EMS (ePacket)
china-post,China Post
chitchats,Chit Chats
choirexpress,Choir Express Indonesia
chronodiali-webhook,chronodiali
chronopost-france,Chronopost France
chronopost-portugal,Chronopost Portugal(DPD)
ec-firstclass,Chukou1
ciblex-ftp,Ciblex
cimc-webhook,CIMC
cirrotrack,CIRRO Track
city56-webhook,City Express
citylinkexpress,City-Link Express
cj-malaysia-international,CJ Century (International)
cj-gls,CJ GLS
cj-korea-thai,CJ Korea Express
cjlogistics,CJ Logistics International
cj-hk-international,CJ Logistics International(Hong Kong)
cjpacket,CJ Packet
cj-philippines,CJ Transnational Philippines
cle-logistics,CL E-Logistics Solutions Limited
clevy-links,Clevy Links
cloudwish-asia,Cloudwish Asia
cn-express,CN Express
cnexps,CNE Express
cnwangtong,cnwangtong
colis-prive,Colis Privé
colissimo,Colissimo
coll-8-sftp,Coll-8
collectplus,Collect+
collectco,CollectCo
comboynegroup-webhook,Comboyne Group
comet-tech,CometTech
com1express,ComOne Express
continental,Continental
coordinadora,Coordinadora
copa-courier,Copa Airlines Courier
cope,Cope Sensitive Freight
coretrails,Coretrails
correoar-webhook,Correo Argentino
correo-uy,Correo Uruguayo
spain-correos-es,Correos de España
correos-de-mexico,Correos de Mexico
correosexpress,Correos Express
franco,Corriere Franco
costmeticsnow,Cosmetics Now
courant-plus-api,Courant Plus
courant-plus,Courant Plus
courierexpress-sftp,Courier Express
courierit,Courier IT
cnwglobal-api,Courier Network Inc
courier-plus,Courier Plus
couriers-please,Couriers Please
cpacket,cPacket
crlexpress,CRL Express
croshot,Croshot
crossflight,Crossflight Limited
ctc-express,CTC Express
tourline,CTT Express
cubyn,Cubyn
cuckooexpress,Cuckoo Express
cyprus-post,Cyprus Post
ceskaposta-api,Czech Post
ceskaposta,Czech Post
dexpress-webhook,D Express
daeshin,Daeshin
daiglobaltrack,DAI Post
daiichi,Daiichi Freight System Inc
danniao,Danniao
danske-fragt,Danske Fragtmænd
dao365-api,DAO365
dao365,DAO365
dashlink-webhook,DashLink
dashlink,DashLink
dawnwing,Dawn Wing
dayross,Day & Ross
dylt,Daylight Transport
dayton-freight,Dayton Freight
dbschenker-se,DB Schenker
dbschenker-b2b,DB Schenker B2B
dbschenker-iceland-ftp,DB Schenker Iceland
dbschenker-sv,DB Schenker Sweden
ddexpress,DD Express Courier
dealer-send,DealerSend
delhivery,Delhivery
delhivery-webhook,Delhivery
deliveryourparcel-za,Deliver Your Parcel
smartkargo,DeliverDirect
delivere,deliverE
deliveright-webhook,Deliveright
deliverr-sftp,Deliverr
deliverydetect,Delivery Detect
deliveryontime,DELIVERYONTIME LOGISTICS PVT LTD
delnext,Delnext
deltec-courier,Deltec Courier
godependable,Dependable Supply Chain Services
designertransport-webhook,Designer Transport
destiny,Destiny Transportation
detrack-webhook,Detrack
detrack,Detrack
dhl-germany-api,Deutsche Post DHL
dhl-germany,Deutsche Post DHL
deutsch-post-api,Deutsche Post Mail
deutsch-post,Deutsche Post Mail
dex-i,DEX-I
dhl-chile-sftp,dhl
mydhl-api,DHL
dhl-reference-api,DHL (Reference number)
dhl-active-tracing,DHL Active Tracing
dhl-benelux,DHL Benelux
dhl-global-mail,DHL eCommerce
dhl-global-mail-asia,DHL eCommerce Asia
dhlparcel-uk-api,DHL eCommerce UK
dhlparcel-uk,DHL eCommerce UK
dhl,DHL Express
dhl-pieceid,DHL Express (Piece ID)
dhl-freight,DHL Freight
dhl-global-forwarding-api,DHL Global Forwarding API
dhl-co-api,DHL GLOBAL FORWARDING COLOMBIA
dhl-ecommerce-gc-api,DHL Global Forwarding eCommerce
dhl-ecommerce-gc,DHL Global Forwarding eCommerce
dhl-hk,DHL Hong Kong
dhl-nl,DHL Netherlands
dhlparcel-nl,DHL Parcel NL
dhlparcel-es,DHL Parcel Spain
dhl-poland,DHL Poland Domestic
dhl-es,DHL Spain Domestic
dhl-supplychain-apac,DHL Supply Chain APAC
dhl-supply-chain-au-sftp,DHL Supply Chain Australia
dhl-supply-chain-au,DHL Supply Chain Australia
dialogo-logistica,Dialogo Logistica
diamondcouriers,Diamond Eurogistics Limited
didadi,DIDADI Logistics tech
dimerco,Dimerco Express Group
dirmensajeria,DIR
directcouriers,Direct Couriers
directcouriers-ftp,Direct Couriers
directfreight-au-ref,Direct Freight Express
directfreight-au,Direct Freight Express
directlog,Directlog
direx,Direx
discountpost,Discount Post
dksh,DKSH
dmfgroup,DMF
dms-matrix,DMSExpress
dnj-express,DNJ Express
domino,DOMINO
doora,Doora Logistics
doordash-webhook,DoorDash
dp-world-api,DP World
dpd-api,DPD
dpd,DPD
dpd-at,DPD Austria
dpd-at-sftp,DPD Austria
dpd-fr-sftp,DPD France
exapaq,DPD France (formerly exapaq)
dpd-de,DPD Germany
dpd-hk,DPD HK
dpd-hungary-ftp,DPD Hungary
dpd-hungary-web,DPD Hungary
dpd-hungary,DPD Hungary
dpd-ireland,DPD Ireland
interlink-express-reference,DPD Local reference
dpd-nl,DPD Netherlands
dpd-poland,DPD Poland
dpd-prt,DPD Portugal
dpd-ro,DPD Romania
dpd-sk-sftp,DPD Slovakia
dpd-ch-sftp,DPD Switzerland
dpd-uk,DPD UK
dpe-express,DPE Express
dpe-za,DPE South Africa
dpex,DPEX
szdpex,DPEX China
dragonstarcurier,Dragon Star Curier
dragonfly-au,Dragonfly Australia
dragonfly-ca,Dragonfly Canada
dragonfly-nl,Dragonfly Netherlands
dsv-za-sftp,DSV
dsv,DSV
dsv-slovakia-sftp,DSV
dsv-reference,DSV Futurewave
dsv-are-webhook,DSV UAE
dtd,DTD Express
dtdc-au,DTDC Australia
dtdc-express,DTDC Express Global PTE LTD
dtdc,DTDC India
dtw-ftp,DTW
dutchx-webhook,DutchX
dx-sftp,DX
dx-b2b-connum,DX (B2B)
dynamic-logistics,Dynamic Logistics
eastwestcourier-ftp,East West Courier Pte Ltd
easy-express,Easy Express
easy-mail,Easy Mail
easyparcel,Easyparcel
easyroutes,EasyRoutes
ecexpress,ECexpress
echo,Echo
ecms,ECMS International Logistics Co.
ecofreight,Eco Freight
ecom-express,Ecom Express
ecoscooting,ECOSCOOTING
ecparcel,ecParcel
efs,EFS (E-commerce Fulfillment Service)
egl-world,EGL World
ekart,Ekart
ekol-api,Ekol Lojistik
elite-co,Elite Express
elta-courier,ELTA Hellenic Post
tomydoor,EM Freight
emega,eMEGA
emile,Emile
emiratescx-webhook,Emirates Courier Express
emirates-post,Emirates Post
emiro,Emiro
empsexpress,EMPS Express
ems,EMS
endeavour-delivery,Endeavour Delivery
energologistic,Energo Logistic
envialia,Envialia
envialia-reference,Envialia Reference
envoi,Envoi
eparcel-kr,eParcel Korea
epostglobal,ePost Global
equick-cn,Equick China
eshipper,eShipper
eshipping,Eshipping
zes-express,Eshun international Logistic
espoirer,espoirer
essers-api,Essers
estafeta,Estafeta
estes,Estes
efwnow-api,Estes Forwarding Worldwide
etomars,Etomars
etonas,Etonas
etotal,eTotal Solution Limited
etower,eTower
eu-fleet-solutions,EU Fleet Solutions
edf-ftp,Eurodifarm
eurodis,Eurodis
europaket-api,Europacket+
myhermes-uk-webhook,EVRi
myhermes-uk,EVRi
ewe,EWE Global Express
exelot-ftp,Exelot Ltd.
expressone-sv,EXPRESSONE
expressone,EXPRESSONE
fairsenden-api,fairsenden
fan,FAN COURIER EXPRESS
far-international,FAR international
fargood,FarGood
fnf-za,Fast & Furious
fastdespatch,Fast Despatch Logistics Limited
fastbox,Fastbox
fastrak-th,Fastrak Services
fastship,Fastship Express
fasttrack,Fasttrack
aramex-au-api,Fastway Australia
fastway-ireland,Fastway Ireland
fastway-nz,Fastway New Zealand
fastway-za,Fastway South Africa
faxecargo,Faxe Cargo
fdsexpress,FDSEXPRESS
fedex-china,Fedex
fedex-fims,FedEx International MailService®
fedex,FedEx®
fedex-crossborder,FedEx® Cross Border
fedex-freight,FedEx® Freight
opek,FedEx® Poland Domestic
fercam,FERCAM Logistics & Transport
fiege,Fiege Logistics
fiege-nl,Fiege Netherlands
finmile,Fin Mile
first-flight,First Flight Couriers
first-logistics-api,First Logistics
firstlogistics,First Logistics
firstmile,FirstMile
fitzmark-api,FitzMark
flashexpress,Flash Express
flashexpress-ph-api,Flash Express PH
fleetopticsinc,FleetOptics
flightlg,Flight Logistics Group
flipxp,FlipXpress
fliway-api,Fliway
floship,Floship
flytexpress,Flyt Express
fmx,FMX
fnacdarty-sftp,FNAC DARTY
fonsen,Fonsen Logistics
forrun,forrun Pvt Ltd (Arpatech Venture)
forwardair,Forward Air
fragilepak-sftp,FragilePAK
freightquote,Freightquote by C.H. Robinson
freterapido,Frete Rápido
frontdoorcorp,FRONTdoor Collective
frontier-api,Frontierscs
fujexp,FUJIE EXPRESS
fulfilla,Fulfilla
fulfillmen,Fulfillmen
furdeco,Furdeco
gwlogis-api,G.I.G
gac-webhook,GAC
gangbao,GANGBAO Supplychain
gati-kwe,Gati-KWE
gba,GBA Services Ltd
gcx,GC Express
gdex,GDEX
gw-world,Gebrüder Weiss
geis,Geis CZ
gel-express,Gel Express Logistik
gemworldwide,GEM Worldwide
taxydromiki,Geniki Taxydromiki
geodis-calberson-fr,GEODIS - Distribution & Express
geodis-sg-api,GEODIS - Distribution & Express
geodis-sftp,GEODIS - Distribution & Express
geodis-calberson-fr-api,GEODIS - Distribution & Express
geodis-api,GEODIS - Distribution & Express
geodis-usa-api,Geodis MyParcel
gpost,Georgian Post
geswl,GESWL Express
ghn,Giao hàng nhanh
gio-ecourier,GIO Express Inc
goglobalpost,Global Post
globaltranz,GlobalTranz
globavend,Globavend
globegistics,Globegistics Inc.
glovo,Glovo
gls,GLS
gls-croatia,GLS Croatia
gls-cz,GLS Czech Republic
gls-fr-ftp,GLS France
gls-slovakia,GLS General Logistics Systems Slovakia s.r.o.
gls-hun-api,GLS Hungary
gls-hun,GLS Hungary
gls-italy,GLS Italy
dicom,GLS Logistic Systems Canada Ltd./Dicom
gls-netherlands-api,GLS Netherlands
gls-netherlands-webhook,GLS Netherlands
gls-netherlands-sftp,GLS Netherlands
gls-netherlands,GLS Netherlands
gls-romania,GLS Romania
gls-slovenia,GLS Slovenia
gls-spain,GLS Spain
gls-us-freight,GLS US Freight
gls-us,GLS USA
gso-api,GLS USA
general-overnight-ftp,Go Express and logistics
general-overnight,Go Express and logistics
gols,GO Logistics & Storage
gopeople,Go People
gorush,Go Rush
gobolt,GoBolt
parcll,GOFO
gofo-express,GOFO
gofoexpress-fr,GOFO France
gofoexpress-it,GOFO Italy
gofoexpress-nl,GOFO Netherlands
xpost,GoGo Xpress
gojavas,GoJavas
gojek-webhook,Gojek
gps,GPS
grandslamexpress,Grand Slam Express
greyhound,Greyhound
mazet,Groupe Mazet
grupoampm,Grupo ampm
andreani,Grupo logistico Andreani
gsi-express,GSI EXPRESS
gtagsm,GTA GSM
hdb,Haidaibao
hdb-box,Haidaibao (BOX)
hct-logistics,HCT LOGISTICS CO.LTD.
hellenic-post,Hellenic (Greece) Post
hellmann,Hellmann Worldwide Logistics
helthjem,Helthjem
heppner-fr,Heppner France
heppner,Heppner Internationale Spedition GmbH & Co.
hepsijet,hepsiJET
hermes-2mann-handling,Hermes Einrichtungs Service GmbH & Co. KG
hermes-de,Hermes Germany
hermes,Hermesworld
heroexpress,Hero Express
hfd,HFD
het-api,High Energy Transport
hipshipper,Hipshipper
hkd,HKD International Logistics
home-delivery-solutions,Home Delivery Solutions Ltd
homelogistics,Home Logistics
hong-kong-post,Hong Kong Post
houndexpress,Hound Express
hrparcel,HR Parcel
hrvatska-posta,Hrvatska Pošta
hsdexpress,HSDEXPRESS
hsm-global,HSM Global
htdkgroup-webhook,HTDK (Shanghai)
hh-exp,Hua Han Logistics
yycom,HUAHANG EXPRESS
huantong,HuanTong
hunter-express,Hunter Express
huodull,Huodull
hx-express,HX Express
i-dika,i-dika
i-parcel,i-parcel
myib-sftp,IB
postur-is,Iceland Post
icscourier,ICS COURIER
icumulus,iCumulus
idexpress,IDEX
idexpress-id,iDexpress Indonesia
ilyanglogis,Ilyang logistics
imile,iMile
imile-api,iMile
iml,IML
imxmail,IMX Mail
india-post,India Post Domestic
india-post-int,India Post International
indopaket,INDOPAKET
inexpost,Inexpost
nox-nachtexpress,Innight Express Germany GmbH (nox NachtExpress)
nox-nachtexpress-ftp,Innight Express Germany GmbH (nox NachtExpress)
descartes,Innovel
inntralog-sftp,Inntralog GmbH
inpost-uk,InPost
inpost-webhook,InPost Global
inpost-it,Inpost Italy
inpost-paczkomaty,InPost Paczkomaty
integra2-ftp,Integra2
intel-valley,Intel-Valley Supply chain (ShenZhen) Co. Ltd
intelipost,Intelipost (TMS for LATAM)
international-seur,International Seur
intexpress,Internet Express
interparcel-au,Interparcel Australia
interparcel-nz,Interparcel New Zealand
interparcel-uk,Interparcel UK
intex-de,INTEX Paketdienst GmbH
iordirect,IOR Direct Solutions
israel-post,Israel Post
israel-post-domestic,Israel Post Domestic
italy-sda,Italy SDA
ithinklogistics,iThink Logistics
ivoy-webhook,Ivoy
j-net,J-Net
jtcargo,J&T CARGO
jtexpress-br-api,J&T Express Brazil
jtexpress-id-api,J&T Express Indonesia
jtexpress,J&T EXPRESS MALAYSIA
jtexpress-ph,J&T Express Philippines
jtexpress-sg,J&T Express Singapore
simplypost,J&T Express Singapore
jtexpress-vn,J&T Express Vietnam
jadlog,Jadlog
jam-express,Jam Express
jamef-web,JAMEF
janco,Janco Ecommerce
janio,Janio Asia
japan-post,Japan Post
jas-webhook,JAS
javit,Javit
jawar,Jawar
jayonexpress,Jayon Express (JEX)
jcex,JCEX
jd-worldwide,JD Worldwide
jersey-post,Jersey Post
jerseypost-atlas,Jersey Post Group
jet-ship,Jet-Ship Worldwide
ltianexp,JiaYou Express
jinsung,JINSUNG TRADING
jitsu,Jitsu
jitsu-ftp,Jitsu
jne-webhook,JNE
jne,JNE
jne-api,JNE (API)
jocom,Jocom
joom-logistics,Joom Logistics
joyingbox,Joying Box
bh-posta,JP BH Pošta
js-express,JS EXPRESS
jumppoint-api,Jumppoint
jumppoint,Jumppoint
radaro-webhook,Jungle Express
jx,JX
k1-express,K1 Express
kangaroo-my,Kangaroo Worldwide Express
kargomkolay,KargomKolay (CargoMini)
kedaex,KedaEX
kerry-ecommerce,Kerry eCommerce
kerryttc-vn,Kerry Express (Vietnam) Co Ltd
tgx,Kerry Express Hong Kong
kerry-express-tw-api,Kerry Express TaiWan
kerry-logistics,Kerry Express Thailand
kerrytj,Kerry TJ Logistics
kng,Keuhne + Nagel Global
abxexpress-my,KEX Express
kgmhub,KGM Hub
logisystems-sftp,Kiitäjät
kinisi,Kinisi Transport Pty Ltd
kiwi-express-webhook,Kiwi Express Couriers
klg-sftp,KLG Europe Venlo BV
komon-express,Komon Express
kpost,Korea Post
korea-post,Korea Post EMS
kronos,Kronos Express
ky-express,Kua Yue Express
kurasi,KURASI
kwe-global,KWE Global
kdexp,Kyungdong Parcel
la-poste-colissimo,La Poste
lagermax-sftp,Lagermax
lalamove-api,Lalamove
lalamove,Lalamove
land-logistics,Land Logistics
landmark-global,Landmark Global
lao-post,Lao Post
lasership,LaserShip
latvijas-pasts,Latvijas Pasts
lbcexpress-api,LBC EXPRESS INC.
lctbr-api,LCT do Brasil
leader,Leader
legion-express,Legion Express
leman,Leman
lexship,LexShip
liccardi-express,LICCARDI EXPRESS COURIER
liefergrun,LIEFERGRUN
liefery,liefery
lietuvos-pastas,Lietuvos Paštas
lightconescm,Lightcone SCM
line,Line Clear Express & Logistics Sdn Bhd
lion-parcel,Lion Parcel
lmparcel,LM Parcel
loggi-api,Loggi
logisters,Logisters
lwe-hk,Logistic Worldwide Express
logistify-api,Logistify
logoix,LogoiX
logysto,Logysto
lonestar,Lone Star Overnight
loomis-express,Loomis Express
lotte,Lotte Global Logistics
ltl,LTL
luwjistik,Luwjistik
m-xpress,M Xpress Sdn Bhd
mx-cargo,M&X cargo
m3logistics,M3 Logistics
maergo,Maergo
pilot-freight,Maersk Ground Freight
magyar-posta-api,Magyar Posta
mail-box-etc,Mail Boxes Etc.
mailamericas,MailAmericas
mailplus,MailPlus
mailplus-jp,MailPlus (Japan)
mainfreight-api,Mainfreight
mainstream-sftp,Mainstream NZ
mainway,Mainway
malaysia-post-posdaftar,Malaysia Post - Registered
malaysia-post,Malaysia Post EMS / Pos Laju
malca-amit,Malca-Amit
marken,Marken
matdespatch,Matdespatch
matkahuolto,Matkahuolto
maxoptra,Max Optra
maxzee,Maxzee
mbs-teliae-webhook,MBS Teliae
collivery,MDS Collivery Pty (Ltd)
medafrica,Med Africa Logistics
medline,Medline
meest,Meest
mensajerosurbanos-api,Mensajeros Urbanos
metabrasil-webhook,META
metroscg,METRO SUPPLY CHAIN
mwd,Metropolitan Warehouse & Delivery
mwd-api,Metropolitan Warehouse & Delivery
aeroflash,Mexico AeroFlash
mexico-redpack,Mexico Redpack
mexico-senda-express,Mexico Senda Express
meyerlogistics,Meyer Logistics
mgcargo,MG Cargo
mhi,Mhi
mikropakket,Mikropakket
mikropakket-be,Mikropakket Belgium
milkman,Milkman
mnx,MNX
mobelservices,Mobel Services
mobi-br,Mobi Logistica
mobiletyreshop-webhook,Mobile Tyre Shop
mondialrelay,Mondial Relay
mondialrelay-fr,Mondial Relay France
mondialrelay-es,Mondial Relay Spain(Punto Pack)
moovin,Moovin
moran-api,Moran Transportation Corporation
morelink,Morelink
morning-express,Morning Express
morninglobal,Morning Global
mothership-api,Mothership
mrw-spain,MRW
multientregapanama,Multientrega
mydynalogic,My DynaLogic
mysendle-api,mySendle
nmtransfer,N&M Transfer Co.
nacex,NACEX
nacex-spain,NACEX Spain
nanjingwoyuan,Nanjing Woyuan
national-sameday,National Sameday
nationex-ftp,Nationex
nationex,Nationex
nationwide-my,Nationwide Express
navlungo,Navlungo
netlogixgroup,Netlogix
newzealand-couriers,New Zealand Couriers
neweggexpress,Newegg Express
newgisticsapi,Newgistics API
nhans-solutions,Nhans Solutions
ntlogistics-vn,Nhat Tin Logistics
nightline,Nightline
nim-express,Nim Express
nimbuspost,NimbusPost
ninjavan-id,Ninja Van Indonesia
ninjavan-my,Ninja Van Malaysia
ninjavan,Ninja Van Singapore
ninjavan-thai,Ninja Van Thailand
ninjavan-vn,Ninjavan Vietnam
nipost,NiPost
nippon-express,Nippon Express
nippon-express-ftp,Nippon Express
norsk-global,Norsk Global
northline,Northline
nova-poshta,Nova Poshta
nox-night-time-express,NOX NightTimeExpress
ntilogistics-ftp,NTI Logistics
ntl,NTL logistics
nytlogistics,NYT SUPPLY CHAIN LOGISTICS Co.
new-zealand-post,NZ Post
oakh,Oakh Harbour Freight Lines
obibox,Obibox
oca-ar,OCA Argentina
ocasa-ftp,Ocasa
ocs,OCS ANA Group
ocs-worldwide,OCS WORLDWIDE
okayparcel,OkayParcel
old-dominion,Old Dominion Freight Line
old-dominion-api,Old Dominion Freight Line
shopolive,Olive
omniparcel,Omni Parcel
omnirps-webhook,Omni Returns
omniva-api,Omniva
omniva,Omniva
onway-webhook,On Way
oneclick,One click delivery services
oneworldexpress,One World Express
ontime,Ontime
ontrac-api,OnTrac
ontrac-sftp,OnTrac
ontrac,OnTrac
optimacourier,Optima Courier
orangeconnex,Orange Connex
orangeconnex-ftp,Orange Connex
orangedsinc,OrangeDS (Orange Distribution Solutions Inc)
orangedsinc-ftp,OrangeDS (Orange Distribution Solutions Inc)
orbico-group-ftp,Orbico Group
orlenpaczka,ORLEN Paczka
osm-worldwide-api,OSM Worldwide
osm-worldwide,OSM Worldwide
osm-worldwide-sftp,OSM Worldwide
otschile,OTS
overseas-hr,Overseas Express
ozeparts-shipping,Ozeparts Shipping
p2p,p2p
p2p-delivery-api,P2P Delivery Ltd
paack-webhook,Paack
paack,Paack
pack-man,Pack-Man
packaly,Packaly
packeta,Packeta
packfleet,PACKFLEET
packlink,Packlink
packs,Packs
paikeda,Paikeda
pakajo,Pakajo World
palexpress,PAL Express Limited
palletways,Palletways
pan-asia,Pan-Asia International
pandago-ph-api,Pandago
pandago-api,Pandago
pandion,Pandion
pandulogistics,Pandu Logistics
panther,Panther
paper-express,Paper Express
paquetexpress,Paquetexpress
parcalogistics-webhook,Parca Logistics
parcel-force,Parcel Force
parcelone,PARCEL ONE
parcelright,Parcel Right
parceltopost,Parcel To Post
parcel2go,Parcel2Go
parcelinklogistics,Parcelink Logistics
parceljet,Parceljet
parcelled-in,Parcelled.in
parcelpal-webhook,ParcelPal
hubbed,PARCELPOINT
parcelpoint,ParcelPoint Pty Ltd
parcelstars,Parcelstars
parcelstars-webhook,Parcelstars
parknparcel,Park N Parcel
parxl,PaRXL
passportshipping,Passport Shipping
patheon-api,Patheon Logistics
patheon,Patheon Logistics
payo,Payo
ppbyb,PayPal Package
peri-logistics,Peri Logistics
pfcexpress,PFC Express
pflogistics,PFL
pflogistics-ftp,PFL
pgeon-api,Pgeon
phm-teliae-webhook,PHM Teliae
pickupp-mys,PICK UPP
pickupp-sgp,PICK UPP (Singapore)
pickrr,Pickrr
pickup,Pickupp
pidge,Pidge
piggyship,PIGGYSHIP
pil-logistics,PIL Logistics (China) Co.
pinag,PIN AG
pitney-bowes,Pitney Bowes
pittohio,PITT OHIO
planzer,Planzer Group
poczta-polska,Poczta Polska
polarspeed,PolarSpeed Inc
portugal-ctt,Portugal CTT
portugal-seur,Portugal Seur
pos-indonesia,Pos Indonesia Domestic
postandpost,Post & Post
post-luxembourg,Post Luxembourg
post-slovenia,Post of Slovenia
postone,Post ONE
poste-sm,Post San Marino
post-serbia,Post Serbia
post56,Post56
postaplus,Posta Plus
posta-romana,Poșta Română
poste-italiane,Poste Italiane
posten-norge,Posten Norge / Bring
posti,Posti
postnl-api,PostNL Domestic
postnl,PostNL Domestic
postnl-international,PostNL International
danmark-post,PostNord Denmark
postnord,PostNord Logistics
sweden-posten,PostNord Sweden
postplus,PostPlus
precision-deliveries,Precision Deliveries
taqbin-taiwan,PRESIDENT TRANSNET CORP
pressiode,Pressio
procarrier,Pro Carrier
productcaregroup-sftp,Product Care Services Limited
professional-couriers,Professional Couriers
ppl,Professional Parcel Logistics
ppl-api,Professional Parcel Logistics
promeddelivery,ProMed Delivery
mglobal,PT MGLOBAL LOGISTICS INDONESIA
pts,PTS
ptt-posta,PTT Posta
purolator-api,Purolator
purolator,Purolator
purolator-international,Purolator International
qls-ftp,QLS
qtrack,QTrack
quantium,Quantium
qintl-api,Quickstat Courier LLC
airterra,Quiet Platforms
quiqup,Quiqup
qwintry,Qwintry Logistics
raben-group,Raben Group
raben-group-sftp,Raben Group
raeslogistics-sftp,Raes Pharmaceutical Logistics
raf,RAF Philippines
raiderex,RaidereX
ramgroup-za,RAM
rangel-api,Rangel
ransa-webhook,Ransa
redjepakketje,Red je Pakketje
redur-es,Redur Spain
relaiscolis-api,Relais Colis
relaiscolis,Relais Colis
relay,Relay
rendr-webhook,Rendr
ets-express,RETS express
returnmates-webhook,Returnmates
runforint,RFL Runforint Logistics
rhenus-ch,Rhenus
rhenus-italy,Rhenus Logistics
rhenus-uk-api,Rhenus Logistics UK
rhenus-uk,Rhenus Logistics UK
richmom,Rich Mom
rincos,Rincos
air-canada-global,Rivo
rixonhk-api,Rixon Logistics
rl-carriers,RL Carriers
roadie,Roadie
roadrunner-freight,Roadrunner Transport Service
rocketparcel,Rocket Parcel International
rodonaves,Rodonaves
rohlig,Rohlig
routific-webhook,Routific
royalshipments,RoyalShipments
rpd2man,RPD2man Deliveries
rpm,RPM
rpxlogistics,RPX Logistics
rpxonline,RPX Online
ruston,Ruston
rxo-api,RXO
rzyexpress,RZY Express
safexpress,Safexpress
sagawa,Sagawa
saia-freight,Saia LTL Freight
sailpost,SAILPOST SPA
sameday,Sameday
sanidis-ftp,Sanidis
sap-express,SAP EXPRESS
seabourne-api,Seabourne Logistics
seino,Seino
seino-super-express,Seino Super Express
sekologistics,SEKO Logistics
sending,Sending Transporte Urgente y Comunicacion
sendit,Sendit
sendle,Sendle
sendparcel,Sendparcel
sendy,Sendy Express
showl,SENHONG INTERNATIONAL LOGISTICS
nowlog-api,Sequoialog
servientrega,Servientrega
servip-webhook,SerVIP
setel,Setel Express
sf-express,SF Express
sf-express-api,SF Express
sf-express-cn,SF Express China
sfb2c,SF International
sfc,SFC
sfcservice,SFC-SendfromChina
sfydexpress,SFYD Express
sglink,SG LINK
shadowfax,Shadowfax
dajin,Shanghai Aqrum Chemical Logistics Co.Ltd
ydex,Shenzhen 1st International Logistics(Group)Co
hotsin-cargo,SHENZHEN HOTSIN CARGO INT'L FORWARDING CO.
kwt,Shenzhen Jinghuada Logistics Co.
sherpa,Sherpa
ship-it-asia,Ship It Asia
shipa,SHIPA
shipbob,ShipBob
shipentegra,ShipEntegra
shipgate,ShipGate
shipglobal-us,ShipGlobal
shiphawk-api,Shiphawk
shippie,Shippie
shippify,Shippify
shippit,Shippit
shiprocket,Shiprocket X
shipter,SHIPTER
shipx,ShipX
shipxpres,SHIPXPRESS
spx,Shopee Express (Indonesia)
spx-my,Shopee Express (Malaysia)
spx-ph,Shopee Express (Philippines)
spx-sg,Shopee Express (Singapore)
spx-th,Shopee Express (Thailand)
spx-vn,Shopee Express (Vietnam)
shopline,shopline
shreeanjanicourier,Shree Anjani Courier
shree-maruti,Shree Maruti Integrated Logistics Limited
shreenandancourier,SHREE NANDAN COURIER
shreetirupati,SHREE TIRUPATI COURIER SERVICES PVT. LTD.
shunbang-express,ShunBang Express
shyplite,Shypmax
signialogistics-sftp,SIGNIA LOGISTICS S.A.C.
signia-ftp,SIGNIA LOGISTICS S.A.C.
simpletire-webhook,SimpleTire
simsglobal,Sims Global
singlobal-express,Sin Global Express
singapore-post,Singapore Post
singapore-speedpost,Singapore Speedpost
sino-scm,Sino SCM
sinotrans,Sinotrans
siodemka,Siodemka
skladusa,SkladUSA
skyking,Sky King
skybox,SKYBOX
skyexpress-international,SkyExpress Internationals
skynet,SkyNet Malaysia
skynet-za,Skynet World Wide Express South Africa
skynetworldwide,SkyNet Worldwide Express
skynetworldwide-in,SkyNet Worldwide Express India
sky-postal,SkyPostal
sk-posta,Slovenská pošta
smartcat,SMARTCAT
smooth,Smooth Couriers
smsa-express,SMSA Express
sntglobal-api,Snt Global Etrax
solistica-api,solistica
thenile-webhook,SortHub
thenile,SortHub
sapo,South African Post Office
sefl,Southeastern Freight Lines
smtl,Southwestern Motor Transport. Inc
spanish-seur,Spanish Seur
specialisedfreight-za,Specialised Freight
spectran,Spectran
spedisci,Spedisci.online
speedee,Spee-Dee Delivery
speedcouriers-gr,Speed Couriers
slg,Speed Logistics Global Limited
speedex,SPEEDEX
speedx,SpeedX
speedy,Speedy
spflylogistica-webhook,SPFly Logística
kdl-sftp,SPH KDL
spoton,SPOTON Logistics Pvt Ltd
speedaf,Sppedaf Express
spreetail-api,Spreetail
spreetail,Spreetail
spring-gds,Spring GDS
sprint-pack,SPRINT PACK
srekorea,SRE Korea
srt-transport,SRT Transport
stallionexpress,Stallion Express
star-track-courier,Star Track Courier
star-track-express,Star Track Express
starken,STARKEN
starlinks,Starlinks Global
star-track,StarTrack
statovernight,Stat Overnight
stepforwardfs,STEP FORWARD FREIGHT SERVICE CO LTD
sto,STO Express
stone3pl,STONE3PL
stop-start-api,Stop Start Transport Ltd
stream,StreamTech
sypost,Sunyou Post
superpackline,Super Pac Line
sutton,Sutton Transport
sway-webhook,Sway
swe,swe
swiftx,SwiftX
swiship,Swiship
amazon-fba-swiship-de,Swiship DE
amazon-fba-swiship-in,Swiship IN
swiship-jp,Swiship JP
amazon-fba-swiship,Swiship UK
swiss-post,Swiss Post
swiss-universal-express,Swiss Universal Express
szendex,SZENDEX
t-cat,T-cat
global-express,Tai Wan Global Business
taiwan-post,Taiwan Post
tamergroup-webhook,Tamer Logistics
taqbin-hk,TAQBIN Hong Kong
tasco-my-webhook,TASCO BERHAD
tazmanian-freight,Tazmanian Freight Systems
tck-express,TCK Express
tcs,TCS
thedeliverygroup,TDG – The Delivery Group
tdn-api,TDN
tdn,TDN
teamexpressllc,Team Express Service LLC
team-global-express-webhook,Team Global Express
toll-priority,Team Global Express
toll-nz,Team Global Express
sic-teliway,Teliway SIC Express
tfm,TFM Xpress
tforce-finalmile,TForce Final Mile
tforce-freight,Tforce-freight
thabit-logistics,Thabit Logistics
thailand-post,Thailand Thai Post
thecourierguy,The Courier Guy
customco-api,The Custom Companies
pallet-network,The Pallet Network
thijs-nl,Thijs Logistiek
thunderexpress,Thunder Express Australia
tigfreight,TIG Freight
tiki,Tiki
tipsa,TIPSA
tipsa-ref,Tipsa Reference
tnt,TNT
tnt-au,TNT Australia
tntbrasil-web,TNT Brasil
tnt-fr-reference-international-api,TNT France
tnt-fr,TNT France
tnt-fr-reference,TNT France Reference
tnt-it,TNT Italy
tnt-reference,TNT Reference
tnt-uk,TNT UK
tnt-uk-reference,TNT UK Reference
tnt-click,TNT-Click Italy
tolos,Tolos
tarrive,TONDA GLOBAL
tooexpress,Too Express
esdex,Top Ideal Express
tophatterexpress,Tophatter Express
toptrans,TOPTRANS
topyou,TopYou
torrestir,Torrestir
toshi-webhook,Toshi
total-express,Total Express
totalmedia-api,Total Media
tourline-reference,Tourline Express
thaiparcels,TP Logistic
track-pod-webhook,Track POD
track-pod-api,Track POD
trackon,Trackon Couriers Pvt. Ltd
qxpress,TracX Logis
trans-kargo,Trans Kargo Internasional
trans-o-flex-sftp,trans-o-flex Express GmbH & Co. KGaA
trans2u,Trans2u
transligue-web,transligue
transmission-nl,TransMission
transpak,Transpak Inc.
tanet,Transport Ambientales
transvirtual,TransVirtual
trumpcard,TRUMPCARD LLC
trunkrs,Trunkrs
trusk,Trusk France
tuffnells,Tuffnells Parcels Express
tuffnells-reference,Tuffnells Parcels Express- Reference
tusklogistics,Tusk Logistics
tvsscs-webhook,TVS Supply Chain Solutions
typ,TYP
u-envios,U-ENVIOS
uber-webhook,Uber
ubi-logistics,UBI Smart Parcel
uc56,ucexpress
uk-mail,UK Mail
ukrposhta,UkrPoshta
ucfs-api,UNITED CALIFORNIA FREIGHT SOLUTIONS
uds,United Delivery Service
uniuni-webhook,Uniuni
uniuni,Uniuni
uparcel,uParcel
ups,UPS
ups-freight,UPS Freight
ups-mi,UPS Mail Innovations
ups-reference,UPS Reference
ups-road-freight-webhook,UPS Road Freight
urb-it,Urb-it
urbify,Urbify
urgent-cargus,Urgent Cargus
urvaam,Urvaam
usf-reddaway,USF Reddaway
uship,uShip
usps,USPS
value-webhook,Value Logistics
vdtrack,VDtrack
veho-api,Veho
veho,Veho
venipak,Venipak
vertchezvous,Vert Chez Vous (Labatut Group)
vesyl-api,Vesyl
vesyl,Vesyl
viaeurope,ViaEurope
viaxpress,ViaXpress
vnpost,Vietnam Post
viettelpost,ViettelPost
virtransport-sftp,Vir Transport
virtransport,VIR Transport
viwo,VIWO IoT
vox,VOX SOLUCION EMPRESARIAL SRL
vpd-sftp,VPD
vtfe,VT Freight Express
wahana,Wahana
wanbexpress,WanbExpress
warning-group,Warning Group
weworldexpress,We World Express
weaship,Weaship
wedo,WeDo Logistics
weee,Weee
welivery,Welivery
wepost,WePost Sdn Bhd
weship,WeShip
westernbid,Western Bid
shipwestgate,Westgate Global
whistl,Whistl
widect,Widect
wineshipping-webhook,Wineshipping
winit,WINIT
wise-express,Wise Express
wiseloads,Wiseloads
wishpost,WishPost
wizmo,Wizmo
wmgdelivery,WMG Group
worldcourier,World Courier
worldnet,Worldnet Logistics
wspexpress,WSP Express
xdp-uk,XDP Express
xdp-uk-reference,XDP Express Reference
xgs,XGS
xde-webhook,Ximex Delivery Express
xindus,Xindus
xyy,Xingyunyi Logistics
xl-express,XL Express
xmszm,xmszm
xpedigo,Xpedigo
xpert-delivery,Xpert Delivery
xpo-logistics,XPO
xpo-fr-ftp,XPO Last Mile France
xpo-fr-api,XPO Last Mile France
xpo-es,XPO Logistics
xpressbees,XpressBees
xpressen-dk,Xpressen
yakit,Yakit
taqbin-jp,Yamato Japan
yamato-tw-api,YAMATO Logistics (HK) LTD
taqbin-sg,Yamato Singapore
yanwen,Yanwen
yanwen-express,Yanwen Express
ydh-express,YDH express
yifan,YiFan Express
elian-post,Yilian (Elian) Supply Chain
yodeldirect,Yodel Direct
yodel,Yodel Domestic
yodel-international,Yodel International
youparcel,YouParcel
yrc,YRC
yto,YTO Express
yunant,Yunant
yundaex,Yunda Express
yunexpress,YunExpress
yurtici-kargo,Yurtici Kargo
yurtici-kargo-api,Yurtici Kargo
yusen,Yusen Logistics
yyexpress,YYEXPRESS
zadbano-webhook,Zadbano
zajil-express,Zajil Express Company
zeek,Zeek2Door
zeleris,Zeleris
ziingfinalmile,Ziing
zinc,Zinc
zjs-express,ZJS International
zoom2u-webhook,Zoom2U
zto-domestic,ZTO Express China
zto-express,ZTO Express Global
zuelligpharma-sftp,Zuellig Pharma Korea
zyou,ZYEX
jd-express-api,京东物流
jd-express,京东物流
jusdasr,准时达跨境
be,北俄国际
padtf,平安达腾飞快递
pchome-api,網家速配股份有限公司
6ls,绿色国际速递
yingnuo-logistics,英诺供应链
jindouyun,金斗云物流
sdh-scm,闪电猴
